{"cameraMode":{"drawMode":0,"name":"Shaded","section":"Shading Mode"},"sceneLighting":true,"audioPlay":false,"sceneViewState":{"m_AlwaysRefresh":false,"showFog":true,"showSkybox":true,"showFlares":true,"showImageEffects":true,"showParticleSystems":true,"showVisualEffectGraphs":true,"m_FxEnabled":true},"in2DMode":false,"pivot":{"x":0.1841294765472412,"y":0.04188889265060425,"z":-0.025729820132255555},"rotation":{"x":0.36011505126953127,"y":0.005597398150712252,"z":-0.002160717034712434,"w":0.9328886270523071},"size":0.16173893213272096,"orthographic":false}