{"cameraMode":{"drawMode":0,"name":"Shaded","section":"Shading Mode"},"sceneLighting":false,"audioPlay":false,"sceneViewState":{"m_AlwaysRefresh":false,"showFog":false,"showSkybox":false,"showFlares":false,"showImageEffects":false,"showParticleSystems":false,"showVisualEffectGraphs":true,"m_FxEnabled":true},"in2DMode":false,"pivot":{"x":1.1920928955078126e-7,"y":0.8698355555534363,"z":0.008967667818069458},"rotation":{"x":0.0027959453873336317,"y":0.9823630452156067,"z":-0.18638238310813905,"w":0.014736550860106945},"size":1.2142454385757447,"orthographic":true}